,0
0,P_2
1,D_39
2,B_1
3,B_2
4,R_1
5,S_3
6,D_41
7,B_3
8,D_42
9,D_43
10,D_44
11,B_4
12,D_45
13,B_5
14,R_2
15,D_46
16,D_47
17,D_48
18,D_49
19,B_6
20,B_7
21,D_50
22,D_51
23,B_9
24,R_3
25,D_52
26,P_3
27,B_10
28,D_53
29,S_5
30,B_11
31,S_6
32,R_4
33,S_7
34,B_12
35,S_8
36,D_55
37,D_56
38,B_13
39,R_5
40,D_58
41,S_9
42,B_14
43,D_59
44,D_60
45,D_61
46,B_15
47,S_11
48,D_62
49,D_65
50,B_16
51,B_17
52,B_18
53,B_19
54,B_20
55,S_12
56,R_6
57,S_13
58,B_21
59,D_69
60,B_22
61,D_70
62,D_71
63,D_72
64,S_15
65,B_23
66,D_73
67,P_4
68,D_74
69,D_75
70,D_76
71,B_24
72,R_7
73,D_77
74,B_25
75,B_26
76,D_78
77,D_79
78,R_8
79,R_9
80,S_16
81,D_80
82,R_10
83,R_11
84,B_27
85,D_81
86,D_82
87,S_17
88,R_12
89,B_28
90,R_13
91,D_83
92,R_14
93,R_15
94,D_84
95,R_16
96,B_29
97,S_18
98,D_86
99,R_17
100,R_18
101,S_19
102,R_19
103,B_32
104,S_20
105,R_20
106,R_21
107,B_33
108,D_89
109,R_22
110,R_23
111,D_91
112,D_92
113,D_93
114,D_94
115,R_24
116,R_25
117,D_96
118,S_22
119,S_23
120,S_24
121,S_25
122,S_26
123,D_102
124,D_104
125,D_105
126,D_106
127,D_107
128,B_36
129,B_37
130,R_26
131,R_27
132,D_108
133,D_109
134,D_110
135,D_111
136,B_39
137,D_112
138,B_40
139,S_27
140,D_113
141,D_115
142,D_118
143,D_119
144,D_121
145,D_122
146,D_123
147,D_124
148,D_125
149,D_127
150,B_41
151,B_42
152,D_131
153,D_132
154,D_133
155,R_28
156,D_134
157,D_135
158,D_136
159,D_137
160,D_138
161,D_141
162,D_142
163,D_144
164,D_145
165,D_44_miss_flag
166,D_70_miss_flag
167,D_72_miss_flag
168,D_78_miss_flag
169,D_79_miss_flag
170,D_81_miss_flag
171,D_83_miss_flag
172,D_84_miss_flag
173,D_89_miss_flag
174,D_91_miss_flag
175,D_107_miss_flag
176,D_122_miss_flag
177,D_124_miss_flag
178,D_125_miss_flag
179,D_145_miss_flag
180,B_8_0
181,B_8_1
182,D_54_-1
183,D_54_0
184,D_54_1
185,D_103_0
186,D_103_1
187,D_128_0
188,D_128_1
189,D_129_0
190,D_129_1
191,D_130_0
192,D_130_1
193,D_139_0
194,D_139_1
195,D_140_0
196,D_140_1
197,D_143_0
198,D_143_1
199,S_3_miss_flag
200,D_42_miss_flag
201,D_43_miss_flag
202,D_46_miss_flag
203,D_48_miss_flag
204,D_49_miss_flag
205,D_50_miss_flag
206,P_3_miss_flag
207,D_53_miss_flag
208,S_7_miss_flag
209,D_55_miss_flag
210,D_56_miss_flag
211,B_13_miss_flag
212,S_9_miss_flag
213,D_59_miss_flag
214,D_61_miss_flag
215,D_62_miss_flag
216,B_17_miss_flag
217,D_69_miss_flag
218,D_77_miss_flag
219,S_22_miss_flag
220,S_24_miss_flag
221,S_25_miss_flag
222,D_102_miss_flag
223,D_104_miss_flag
224,D_105_miss_flag
225,R_27_miss_flag
226,S_27_miss_flag
227,D_113_miss_flag
228,D_115_miss_flag
229,D_118_miss_flag
230,D_119_miss_flag
231,D_121_miss_flag
232,D_123_miss_flag
233,D_131_miss_flag
234,D_133_miss_flag
235,D_141_miss_flag
236,D_144_miss_flag
